INSERT INTO tipo_movimento_estoque (COD_TIPO_MOVIMENTO_ESTOQUE, DES_TIPO_MOVIMENTO_ESTOQUE, STA_SAIDA_ENTRADA) VALUES (1, 'Entrada', 'E');
INSERT INTO tipo_movimento_estoque (COD_TIPO_MOVIMENTO_ESTOQUE, DES_TIPO_MOVIMENTO_ESTOQUE, STA_SAIDA_ENTRADA) VALUES (2, 'Saída', 'S');
INSERT INTO tipo_movimento_estoque (COD_TIPO_MOVIMENTO_ESTOQUE, DES_TIPO_MOVIMENTO_ESTOQUE, STA_SAIDA_ENTRADA) VALUES (3, 'Transferência Entrada', 'E');
INSERT INTO tipo_movimento_estoque (COD_TIPO_MOVIMENTO_ESTOQUE, DES_TIPO_MOVIMENTO_ESTOQUE, STA_SAIDA_ENTRADA) VALUES (4, 'Transferência Saída', 'S');
INSERT INTO tipo_movimento_estoque (COD_TIPO_MOVIMENTO_ESTOQUE, DES_TIPO_MOVIMENTO_ESTOQUE, STA_SAIDA_ENTRADA) VALUES (5, 'Devolução Entrada', 'E');
INSERT INTO tipo_movimento_estoque (COD_TIPO_MOVIMENTO_ESTOQUE, DES_TIPO_MOVIMENTO_ESTOQUE, STA_SAIDA_ENTRADA) VALUES (6, 'Devolução Saída', 'S');
INSERT INTO tipo_movimento_estoque (COD_TIPO_MOVIMENTO_ESTOQUE, DES_TIPO_MOVIMENTO_ESTOQUE, STA_SAIDA_ENTRADA) VALUES (7, 'Ajuste Entrada', 'E');
INSERT INTO tipo_movimento_estoque (COD_TIPO_MOVIMENTO_ESTOQUE, DES_TIPO_MOVIMENTO_ESTOQUE, STA_SAIDA_ENTRADA) VALUES (8, 'Ajuste Saída', 'S');
INSERT INTO tipo_movimento_estoque (COD_TIPO_MOVIMENTO_ESTOQUE, DES_TIPO_MOVIMENTO_ESTOQUE, STA_SAIDA_ENTRADA) VALUES (9, 'Contagem Entrada', 'E');
INSERT INTO tipo_movimento_estoque (COD_TIPO_MOVIMENTO_ESTOQUE, DES_TIPO_MOVIMENTO_ESTOQUE, STA_SAIDA_ENTRADA) VALUES (10, 'Contagem Saída', 'S');

INSERT INTO pais (COD_PAIS, NOM_PAIS) VALUES (1, 'Brasil');
INSERT INTO pais (COD_PAIS, NOM_PAIS) VALUES (2, 'Estados Unidos');
INSERT INTO pais (COD_PAIS, NOM_PAIS) VALUES (3, 'Canadá');
INSERT INTO pais (COD_PAIS, NOM_PAIS) VALUES (4, 'Reino Unido');
INSERT INTO pais (COD_PAIS, NOM_PAIS) VALUES (5, 'França');
INSERT INTO pais (COD_PAIS, NOM_PAIS) VALUES (6, 'Alemanha');
INSERT INTO pais (COD_PAIS, NOM_PAIS) VALUES (7, 'Japão');
INSERT INTO pais (COD_PAIS, NOM_PAIS) VALUES (8, 'China');
INSERT INTO pais (COD_PAIS, NOM_PAIS) VALUES (9, 'Índia');
INSERT INTO pais (COD_PAIS, NOM_PAIS) VALUES (10, 'Austrália');

INSERT INTO estado (COD_ESTADO, NOM_ESTADO, COD_PAIS) VALUES ('SP', 'São Paulo', 1);
INSERT INTO estado (COD_ESTADO, NOM_ESTADO, COD_PAIS) VALUES ('RJ', 'Rio de Janeiro', 1);
INSERT INTO estado (COD_ESTADO, NOM_ESTADO, COD_PAIS) VALUES ('MG', 'Minas Gerais', 1);
INSERT INTO estado (COD_ESTADO, NOM_ESTADO, COD_PAIS) VALUES ('RS', 'Rio Grande do Sul', 1);
INSERT INTO estado (COD_ESTADO, NOM_ESTADO, COD_PAIS) VALUES ('PR', 'Paraná', 1);
INSERT INTO estado (COD_ESTADO, NOM_ESTADO, COD_PAIS) VALUES ('BA', 'Bahia', 1);
INSERT INTO estado (COD_ESTADO, NOM_ESTADO, COD_PAIS) VALUES ('PE', 'Pernambuco', 1);
INSERT INTO estado (COD_ESTADO, NOM_ESTADO, COD_PAIS) VALUES ('CE', 'Ceará', 1);
INSERT INTO estado (COD_ESTADO, NOM_ESTADO, COD_PAIS) VALUES ('DF', 'Distrito Federal', 1);
INSERT INTO estado (COD_ESTADO, NOM_ESTADO, COD_PAIS) VALUES ('AM', 'Amazonas', 1);

INSERT INTO cidade (COD_CIDADE, NOM_CIDADE, COD_ESTADO) VALUES (4001, 'São Paulo', 'SP');
INSERT INTO cidade (COD_CIDADE, NOM_CIDADE, COD_ESTADO) VALUES (4002, 'Rio de Janeiro', 'RJ');
INSERT INTO cidade (COD_CIDADE, NOM_CIDADE, COD_ESTADO) VALUES (4003, 'Belo Horizonte', 'MG');
INSERT INTO cidade (COD_CIDADE, NOM_CIDADE, COD_ESTADO) VALUES (4004, 'Porto Alegre', 'RS');
INSERT INTO cidade (COD_CIDADE, NOM_CIDADE, COD_ESTADO) VALUES (4005, 'Curitiba', 'PR');
INSERT INTO cidade (COD_CIDADE, NOM_CIDADE, COD_ESTADO) VALUES (4006, 'Salvador', 'BA');
INSERT INTO cidade (COD_CIDADE, NOM_CIDADE, COD_ESTADO) VALUES (4007, 'Recife', 'PE');
INSERT INTO cidade (COD_CIDADE, NOM_CIDADE, COD_ESTADO) VALUES (4008, 'Fortaleza', 'CE');
INSERT INTO cidade (COD_CIDADE, NOM_CIDADE, COD_ESTADO) VALUES (4009, 'Brasília', 'DF');
INSERT INTO cidade (COD_CIDADE, NOM_CIDADE, COD_ESTADO) VALUES (4010, 'Manaus', 'AM');

INSERT INTO usuario (COD_USUARIO, NOM_USUARIO, STA_ATIVO) VALUES (1001, 'João Silva', 'S');
INSERT INTO usuario (COD_USUARIO, NOM_USUARIO, STA_ATIVO) VALUES (1002, 'Maria Santos', 'S');
INSERT INTO usuario (COD_USUARIO, NOM_USUARIO, STA_ATIVO) VALUES (1003, 'Pedro Oliveira', 'S');
INSERT INTO usuario (COD_USUARIO, NOM_USUARIO, STA_ATIVO) VALUES (1004, 'Ana Rodrigues', 'S');
INSERT INTO usuario (COD_USUARIO, NOM_USUARIO, STA_ATIVO) VALUES (1005, 'Luiz Costa', 'S');
INSERT INTO usuario (COD_USUARIO, NOM_USUARIO, STA_ATIVO) VALUES (1006, 'Paula Souza', 'S');
INSERT INTO usuario (COD_USUARIO, NOM_USUARIO, STA_ATIVO) VALUES (1007, 'Carlos Silva', 'S');
INSERT INTO usuario (COD_USUARIO, NOM_USUARIO, STA_ATIVO) VALUES (1008, 'Julia Santos', 'S');
INSERT INTO usuario (COD_USUARIO, NOM_USUARIO, STA_ATIVO) VALUES (1009, 'Mateus Oliveira', 'S');
INSERT INTO usuario (COD_USUARIO, NOM_USUARIO, STA_ATIVO) VALUES (1010, 'Isabela Rodrigues', 'S');

INSERT INTO vendedor (COD_VENDEDOR, NOM_VENDEDOR, STA_ATIVO) VALUES (4001, 'Carlos Oliveira', 'S');
INSERT INTO vendedor (COD_VENDEDOR, NOM_VENDEDOR, STA_ATIVO) VALUES (4002, 'Ana Rodrigues', 'S');
INSERT INTO vendedor (COD_VENDEDOR, NOM_VENDEDOR, STA_ATIVO) VALUES (4003, 'Pedro Santos', 'S');
INSERT INTO vendedor (COD_VENDEDOR, NOM_VENDEDOR, STA_ATIVO) VALUES (4004, 'Mariana Silva', 'S');
INSERT INTO vendedor (COD_VENDEDOR, NOM_VENDEDOR, STA_ATIVO) VALUES (4005, 'Lucas Oliveira', 'S');
INSERT INTO vendedor (COD_VENDEDOR, NOM_VENDEDOR, STA_ATIVO) VALUES (4006, 'Marta Rodrigues', 'S');
INSERT INTO vendedor (COD_VENDEDOR, NOM_VENDEDOR, STA_ATIVO) VALUES (4007, 'Fernando Santos', 'S');
INSERT INTO vendedor (COD_VENDEDOR, NOM_VENDEDOR, STA_ATIVO) VALUES (4008, 'Juliana Oliveira', 'S');
INSERT INTO vendedor (COD_VENDEDOR, NOM_VENDEDOR, STA_ATIVO) VALUES (4009, 'Gustavo Rodrigues', 'S');
INSERT INTO vendedor (COD_VENDEDOR, NOM_VENDEDOR, STA_ATIVO) VALUES (4010, 'Amanda Silva', 'S');

INSERT INTO estoque (COD_ESTOQUE, NOM_ESTOQUE) VALUES (3001, 'Estoque 1');
INSERT INTO estoque (COD_ESTOQUE, NOM_ESTOQUE) VALUES (3002, 'Estoque 2');
INSERT INTO estoque (COD_ESTOQUE, NOM_ESTOQUE) VALUES (3003, 'Estoque 3');
INSERT INTO estoque (COD_ESTOQUE, NOM_ESTOQUE) VALUES (3004, 'Estoque 4');
INSERT INTO estoque (COD_ESTOQUE, NOM_ESTOQUE) VALUES (3005, 'Estoque 5');
INSERT INTO estoque (COD_ESTOQUE, NOM_ESTOQUE) VALUES (3006, 'Estoque 6');
INSERT INTO estoque (COD_ESTOQUE, NOM_ESTOQUE) VALUES (3007, 'Estoque 7');
INSERT INTO estoque (COD_ESTOQUE, NOM_ESTOQUE) VALUES (3008, 'Estoque 8');
INSERT INTO estoque (COD_ESTOQUE, NOM_ESTOQUE) VALUES (3009, 'Estoque 9');
INSERT INTO estoque (COD_ESTOQUE, NOM_ESTOQUE) VALUES (3010, 'Estoque 10');

INSERT INTO tipo_endereco (COD_TIPO_ENDERECO, DES_TIPO_ENDERECO) VALUES (1, 'Residencial');
INSERT INTO tipo_endereco (COD_TIPO_ENDERECO, DES_TIPO_ENDERECO) VALUES (2, 'Comercial');
INSERT INTO tipo_endereco (COD_TIPO_ENDERECO, DES_TIPO_ENDERECO) VALUES (3, 'Entrega');
INSERT INTO tipo_endereco (COD_TIPO_ENDERECO, DES_TIPO_ENDERECO) VALUES (4, 'Cobrança');
INSERT INTO tipo_endereco (COD_TIPO_ENDERECO, DES_TIPO_ENDERECO) VALUES (5, 'Correspondência');
INSERT INTO tipo_endereco (COD_TIPO_ENDERECO, DES_TIPO_ENDERECO) VALUES (6, 'Outro');
INSERT INTO tipo_endereco (COD_TIPO_ENDERECO, DES_TIPO_ENDERECO) VALUES (7, 'Temporário');
INSERT INTO tipo_endereco (COD_TIPO_ENDERECO, DES_TIPO_ENDERECO) VALUES (8, 'Principal');
INSERT INTO tipo_endereco (COD_TIPO_ENDERECO, DES_TIPO_ENDERECO) VALUES (9, 'Secundário');
INSERT INTO tipo_endereco (COD_TIPO_ENDERECO, DES_TIPO_ENDERECO) VALUES (10, 'Trabalho');

INSERT INTO cliente (COD_CLIENTE, NOM_CLIENTE, DES_RAZAO_SOCIAL, TIP_PESSOA, NUM_CPF_CNPJ, DAT_CADASTRO, DAT_CANCELAMENTO, STA_ATIVO) VALUES (2001, 'Cliente 1', 'Razão Social 1', 'F', 12345678901, TO_DATE('2024-01-01', 'YYYY-MM-DD'), NULL, 'A');
INSERT INTO cliente (COD_CLIENTE, NOM_CLIENTE, DES_RAZAO_SOCIAL, TIP_PESSOA, NUM_CPF_CNPJ, DAT_CADASTRO, DAT_CANCELAMENTO, STA_ATIVO) VALUES (2002, 'Cliente 2', 'Razão Social 2', 'F', 12345678902, TO_DATE('2024-01-01', 'YYYY-MM-DD'), NULL, 'A');
INSERT INTO cliente (COD_CLIENTE, NOM_CLIENTE, DES_RAZAO_SOCIAL, TIP_PESSOA, NUM_CPF_CNPJ, DAT_CADASTRO, DAT_CANCELAMENTO, STA_ATIVO) VALUES (2003, 'Cliente 3', 'Razão Social 3', 'F', 12345678903, TO_DATE('2024-01-01', 'YYYY-MM-DD'), NULL, 'A');
INSERT INTO cliente (COD_CLIENTE, NOM_CLIENTE, DES_RAZAO_SOCIAL, TIP_PESSOA, NUM_CPF_CNPJ, DAT_CADASTRO, DAT_CANCELAMENTO, STA_ATIVO) VALUES (2004, 'Cliente 4', 'Razão Social 4', 'F', 12345678904, TO_DATE('2024-01-01', 'YYYY-MM-DD'), NULL, 'A');
INSERT INTO cliente (COD_CLIENTE, NOM_CLIENTE, DES_RAZAO_SOCIAL, TIP_PESSOA, NUM_CPF_CNPJ, DAT_CADASTRO, DAT_CANCELAMENTO, STA_ATIVO) VALUES (2005, 'Cliente 5', 'Razão Social 5', 'F', 12345678905, TO_DATE('2024-01-01', 'YYYY-MM-DD'), NULL, 'A');
INSERT INTO cliente (COD_CLIENTE, NOM_CLIENTE, DES_RAZAO_SOCIAL, TIP_PESSOA, NUM_CPF_CNPJ, DAT_CADASTRO, DAT_CANCELAMENTO, STA_ATIVO) VALUES (2006, 'Cliente 6', 'Razão Social 6', 'F', 12345678906, TO_DATE('2024-01-01', 'YYYY-MM-DD'), NULL, 'A');
INSERT INTO cliente (COD_CLIENTE, NOM_CLIENTE, DES_RAZAO_SOCIAL, TIP_PESSOA, NUM_CPF_CNPJ, DAT_CADASTRO, DAT_CANCELAMENTO, STA_ATIVO) VALUES (2007, 'Cliente 7', 'Razão Social 7', 'F', 12345678907, TO_DATE('2024-01-01', 'YYYY-MM-DD'), NULL, 'A');
INSERT INTO cliente (COD_CLIENTE, NOM_CLIENTE, DES_RAZAO_SOCIAL, TIP_PESSOA, NUM_CPF_CNPJ, DAT_CADASTRO, DAT_CANCELAMENTO, STA_ATIVO) VALUES (2008, 'Cliente 8', 'Razão Social 8', 'F', 12345678908, TO_DATE('2024-01-01', 'YYYY-MM-DD'), NULL, 'A');
INSERT INTO cliente (COD_CLIENTE, NOM_CLIENTE, DES_RAZAO_SOCIAL, TIP_PESSOA, NUM_CPF_CNPJ, DAT_CADASTRO, DAT_CANCELAMENTO, STA_ATIVO) VALUES (2009, 'Cliente 9', 'Razão Social 9', 'F', 12345678909, TO_DATE('2024-01-01', 'YYYY-MM-DD'), NULL, 'A');
INSERT INTO cliente (COD_CLIENTE, NOM_CLIENTE, DES_RAZAO_SOCIAL, TIP_PESSOA, NUM_CPF_CNPJ, DAT_CADASTRO, DAT_CANCELAMENTO, STA_ATIVO) VALUES (2010, 'Cliente 10', 'Razão Social 10', 'F', 12345678910, TO_DATE('2024-01-01', 'YYYY-MM-DD'), NULL, 'A');


INSERT INTO endereco_cliente (SEQ_ENDERECO_CLIENTE, COD_CLIENTE, DES_ENDERECO, NUM_ENDERECO, DES_COMPLEMENTO, NUM_CEP, DES_BAIRRO, COD_CIDADE, STA_ATIVO) VALUES (3001, 2001, 'Rua A', '100', 'Apto 101', 01001000, 'Centro', 4001, 'S');
INSERT INTO endereco_cliente (SEQ_ENDERECO_CLIENTE, COD_CLIENTE, DES_ENDERECO, NUM_ENDERECO, DES_COMPLEMENTO, NUM_CEP, DES_BAIRRO, COD_CIDADE, STA_ATIVO) VALUES (3002, 2002, 'Rua B', '200', 'Casa 102', 20001-001, 'Centro', 4002, 'S');
INSERT INTO endereco_cliente (SEQ_ENDERECO_CLIENTE, COD_CLIENTE, DES_ENDERECO, NUM_ENDERECO, DES_COMPLEMENTO, NUM_CEP, DES_BAIRRO, COD_CIDADE, STA_ATIVO) VALUES (3003, 2003, 'Rua C', '300', 'Bloco 103', 30001-002, 'Centro', 4003, 'S');
INSERT INTO endereco_cliente (SEQ_ENDERECO_CLIENTE, COD_CLIENTE, DES_ENDERECO, NUM_ENDERECO, DES_COMPLEMENTO, NUM_CEP, DES_BAIRRO, COD_CIDADE, STA_ATIVO) VALUES (3004, 2004, 'Rua D', '400', 'Casa 104', 40001003, 'Centro', 4004, 'S');
INSERT INTO endereco_cliente (SEQ_ENDERECO_CLIENTE, COD_CLIENTE, DES_ENDERECO, NUM_ENDERECO, DES_COMPLEMENTO, NUM_CEP, DES_BAIRRO, COD_CIDADE, STA_ATIVO) VALUES (3005, 2005, 'Rua E', '500', 'Apto 105', 50001004, 'Centro', 4005, 'S');
INSERT INTO endereco_cliente (SEQ_ENDERECO_CLIENTE, COD_CLIENTE, DES_ENDERECO, NUM_ENDERECO, DES_COMPLEMENTO, NUM_CEP, DES_BAIRRO, COD_CIDADE, STA_ATIVO) VALUES (3006, 2006, 'Rua F', '600', 'Casa 106', 60001005, 'Centro', 4006, 'S');
INSERT INTO endereco_cliente (SEQ_ENDERECO_CLIENTE, COD_CLIENTE, DES_ENDERECO, NUM_ENDERECO, DES_COMPLEMENTO, NUM_CEP, DES_BAIRRO, COD_CIDADE, STA_ATIVO) VALUES (3007, 2007, 'Rua G', '700', 'Bloco 107', 70001006, 'Centro', 4007, 'S');
INSERT INTO endereco_cliente (SEQ_ENDERECO_CLIENTE, COD_CLIENTE, DES_ENDERECO, NUM_ENDERECO, DES_COMPLEMENTO, NUM_CEP, DES_BAIRRO, COD_CIDADE, STA_ATIVO) VALUES (3008, 2008, 'Rua H', '800', 'Casa 108', 80001007, 'Centro', 4008, 'S');
INSERT INTO endereco_cliente (SEQ_ENDERECO_CLIENTE, COD_CLIENTE, DES_ENDERECO, NUM_ENDERECO, DES_COMPLEMENTO, NUM_CEP, DES_BAIRRO, COD_CIDADE, STA_ATIVO) VALUES (3009, 2009, 'Rua I', '900', 'Apto 109', 90001008, 'Centro', 4009, 'S');
INSERT INTO endereco_cliente (SEQ_ENDERECO_CLIENTE, COD_CLIENTE, DES_ENDERECO, NUM_ENDERECO, DES_COMPLEMENTO, NUM_CEP, DES_BAIRRO, COD_CIDADE, STA_ATIVO) VALUES (3010, 2010, 'Rua J', '1000', 'Casa 110', 10000009, 'Centro', 4010, 'S');

INSERT INTO cliente_vendedor (COD_CLIENTE, COD_VENDEDOR, DAT_INICIO, DAT_TERMINO) VALUES (2001, 4001, TO_DATE('2024-01-01', 'YYYY-MM-DD'), NULL);
INSERT INTO cliente_vendedor (COD_CLIENTE, COD_VENDEDOR, DAT_INICIO, DAT_TERMINO) VALUES (2002, 4002, TO_DATE('2024-01-01', 'YYYY-MM-DD'), NULL);
INSERT INTO cliente_vendedor (COD_CLIENTE, COD_VENDEDOR, DAT_INICIO, DAT_TERMINO) VALUES (2003, 4003, TO_DATE('2024-01-01', 'YYYY-MM-DD'), NULL);
INSERT INTO cliente_vendedor (COD_CLIENTE, COD_VENDEDOR, DAT_INICIO, DAT_TERMINO) VALUES (2004, 4004, TO_DATE('2024-01-01', 'YYYY-MM-DD'), NULL);
INSERT INTO cliente_vendedor (COD_CLIENTE, COD_VENDEDOR, DAT_INICIO, DAT_TERMINO) VALUES (2005, 4005, TO_DATE('2024-01-01', 'YYYY-MM-DD'), NULL);
INSERT INTO cliente_vendedor (COD_CLIENTE, COD_VENDEDOR, DAT_INICIO, DAT_TERMINO) VALUES (2006, 4006, TO_DATE('2024-01-01', 'YYYY-MM-DD'), NULL);
INSERT INTO cliente_vendedor (COD_CLIENTE, COD_VENDEDOR, DAT_INICIO, DAT_TERMINO) VALUES (2007, 4007, TO_DATE('2024-01-01', 'YYYY-MM-DD'), NULL);
INSERT INTO cliente_vendedor (COD_CLIENTE, COD_VENDEDOR, DAT_INICIO, DAT_TERMINO) VALUES (2008, 4008, TO_DATE('2024-01-01', 'YYYY-MM-DD'), NULL);
INSERT INTO cliente_vendedor (COD_CLIENTE, COD_VENDEDOR, DAT_INICIO, DAT_TERMINO) VALUES (2009, 4009, TO_DATE('2024-01-01', 'YYYY-MM-DD'), NULL);
INSERT INTO cliente_vendedor (COD_CLIENTE, COD_VENDEDOR, DAT_INICIO, DAT_TERMINO) VALUES (2010, 4010, TO_DATE('2024-01-01', 'YYYY-MM-DD'), NULL);

INSERT INTO produto (COD_PRODUTO, NOM_PRODUTO, COD_BARRA, STA_ATIVO, DAT_CADASTRO, DAT_CANCELAMENTO) VALUES (1001, 'Produto 1', '1234567890123', 'A', TO_DATE('2024-01-01', 'YYYY-MM-DD'), NULL);
INSERT INTO produto (COD_PRODUTO, NOM_PRODUTO, COD_BARRA, STA_ATIVO, DAT_CADASTRO, DAT_CANCELAMENTO) VALUES (1002, 'Produto 2', '1234567890124', 'A', TO_DATE('2024-01-01', 'YYYY-MM-DD'), NULL);
INSERT INTO produto (COD_PRODUTO, NOM_PRODUTO, COD_BARRA, STA_ATIVO, DAT_CADASTRO, DAT_CANCELAMENTO) VALUES (1003, 'Produto 3', '1234567890125', 'A', TO_DATE('2024-01-01', 'YYYY-MM-DD'), NULL);
INSERT INTO produto (COD_PRODUTO, NOM_PRODUTO, COD_BARRA, STA_ATIVO, DAT_CADASTRO, DAT_CANCELAMENTO) VALUES (1004, 'Produto 4', '1234567890126', 'A', TO_DATE('2024-01-01', 'YYYY-MM-DD'), NULL);
INSERT INTO produto (COD_PRODUTO, NOM_PRODUTO, COD_BARRA, STA_ATIVO, DAT_CADASTRO, DAT_CANCELAMENTO) VALUES (1005, 'Produto 5', '1234567890127', 'A', TO_DATE('2024-01-01', 'YYYY-MM-DD'), NULL);
INSERT INTO produto (COD_PRODUTO, NOM_PRODUTO, COD_BARRA, STA_ATIVO, DAT_CADASTRO, DAT_CANCELAMENTO) VALUES (1006, 'Produto 6', '1234567890128', 'A', TO_DATE('2024-01-01', 'YYYY-MM-DD'), NULL);
INSERT INTO produto (COD_PRODUTO, NOM_PRODUTO, COD_BARRA, STA_ATIVO, DAT_CADASTRO, DAT_CANCELAMENTO) VALUES (1007, 'Produto 7', '1234567890129', 'A', TO_DATE('2024-01-01', 'YYYY-MM-DD'), NULL);
INSERT INTO produto (COD_PRODUTO, NOM_PRODUTO, COD_BARRA, STA_ATIVO, DAT_CADASTRO, DAT_CANCELAMENTO) VALUES (1008, 'Produto 8', '1234567890130', 'A', TO_DATE('2024-01-01', 'YYYY-MM-DD'), NULL);
INSERT INTO produto (COD_PRODUTO, NOM_PRODUTO, COD_BARRA, STA_ATIVO, DAT_CADASTRO, DAT_CANCELAMENTO) VALUES (1009, 'Produto 9', '1234567890131', 'A', TO_DATE('2024-01-01', 'YYYY-MM-DD'), NULL);
INSERT INTO produto (COD_PRODUTO, NOM_PRODUTO, COD_BARRA, STA_ATIVO, DAT_CADASTRO, DAT_CANCELAMENTO) VALUES (1010, 'Produto 10', '1234567890132', 'A', TO_DATE('2024-01-01', 'YYYY-MM-DD'), NULL);

INSERT INTO estoque_produto (COD_PRODUTO, COD_ESTOQUE, DAT_ESTOQUE, QTD_PRODUTO) VALUES (1001, 3001, TO_DATE('2024-04-01', 'YYYY-MM-DD'), 100);
INSERT INTO estoque_produto (COD_PRODUTO, COD_ESTOQUE, DAT_ESTOQUE, QTD_PRODUTO) VALUES (1002, 3002, TO_DATE('2024-04-02', 'YYYY-MM-DD'), 150);
INSERT INTO estoque_produto (COD_PRODUTO, COD_ESTOQUE, DAT_ESTOQUE, QTD_PRODUTO) VALUES (1003, 3003, TO_DATE('2024-04-03', 'YYYY-MM-DD'), 200);
INSERT INTO estoque_produto (COD_PRODUTO, COD_ESTOQUE, DAT_ESTOQUE, QTD_PRODUTO) VALUES (1004, 3004, TO_DATE('2024-04-04', 'YYYY-MM-DD'), 120);
INSERT INTO estoque_produto (COD_PRODUTO, COD_ESTOQUE, DAT_ESTOQUE, QTD_PRODUTO) VALUES (1005, 3005, TO_DATE('2024-04-05', 'YYYY-MM-DD'), 180);
INSERT INTO estoque_produto (COD_PRODUTO, COD_ESTOQUE, DAT_ESTOQUE, QTD_PRODUTO) VALUES (1006, 3006, TO_DATE('2024-04-06', 'YYYY-MM-DD'), 220);
INSERT INTO estoque_produto (COD_PRODUTO, COD_ESTOQUE, DAT_ESTOQUE, QTD_PRODUTO) VALUES (1007, 3007, TO_DATE('2024-04-07', 'YYYY-MM-DD'), 130);
INSERT INTO estoque_produto (COD_PRODUTO, COD_ESTOQUE, DAT_ESTOQUE, QTD_PRODUTO) VALUES (1008, 3008, TO_DATE('2024-04-08', 'YYYY-MM-DD'), 170);
INSERT INTO estoque_produto (COD_PRODUTO, COD_ESTOQUE, DAT_ESTOQUE, QTD_PRODUTO) VALUES (1009, 3009, TO_DATE('2024-04-09', 'YYYY-MM-DD'), 190);
INSERT INTO estoque_produto (COD_PRODUTO, COD_ESTOQUE, DAT_ESTOQUE, QTD_PRODUTO) VALUES (1010, 3010, TO_DATE('2024-04-10', 'YYYY-MM-DD'), 210);

INSERT INTO pedido (COD_PEDIDO, COD_PEDIDO_RELACIONADO, COD_CLIENTE, COD_USUARIO, COD_VENDEDOR, DAT_PEDIDO, DAT_CANCELAMENTO, DAT_ENTREGA, VAL_TOTAL_PEDIDO, VAL_DESCONTO, SEQ_ENDERECO_CLIENTE) VALUES (5001, NULL, 2001, 1001, 4001, TO_DATE('2024-04-01', 'YYYY-MM-DD'), NULL, TO_DATE('2024-04-05', 'YYYY-MM-DD'), 100.00, 10.00, 3001);
INSERT INTO pedido (COD_PEDIDO, COD_PEDIDO_RELACIONADO, COD_CLIENTE, COD_USUARIO, COD_VENDEDOR, DAT_PEDIDO, DAT_CANCELAMENTO, DAT_ENTREGA, VAL_TOTAL_PEDIDO, VAL_DESCONTO, SEQ_ENDERECO_CLIENTE) VALUES (5002, NULL, 2002, 1002, 4002, TO_DATE('2024-04-02', 'YYYY-MM-DD'), NULL, TO_DATE('2024-04-06', 'YYYY-MM-DD'), 150.00, 15.00, 3002);
INSERT INTO pedido (COD_PEDIDO, COD_PEDIDO_RELACIONADO, COD_CLIENTE, COD_USUARIO, COD_VENDEDOR, DAT_PEDIDO, DAT_CANCELAMENTO, DAT_ENTREGA, VAL_TOTAL_PEDIDO, VAL_DESCONTO, SEQ_ENDERECO_CLIENTE) VALUES (5003, NULL, 2003, 1003, 4003, TO_DATE('2024-04-03', 'YYYY-MM-DD'), NULL, TO_DATE('2024-04-07', 'YYYY-MM-DD'), 200.00, 20.00, 3003);
INSERT INTO pedido (COD_PEDIDO, COD_PEDIDO_RELACIONADO, COD_CLIENTE, COD_USUARIO, COD_VENDEDOR, DAT_PEDIDO, DAT_CANCELAMENTO, DAT_ENTREGA, VAL_TOTAL_PEDIDO, VAL_DESCONTO, SEQ_ENDERECO_CLIENTE) VALUES (5004, NULL, 2004, 1004, 4004, TO_DATE('2024-04-04', 'YYYY-MM-DD'), NULL, TO_DATE('2024-04-08', 'YYYY-MM-DD'), 250.00, 25.00, 3004);
INSERT INTO pedido (COD_PEDIDO, COD_PEDIDO_RELACIONADO, COD_CLIENTE, COD_USUARIO, COD_VENDEDOR, DAT_PEDIDO, DAT_CANCELAMENTO, DAT_ENTREGA, VAL_TOTAL_PEDIDO, VAL_DESCONTO, SEQ_ENDERECO_CLIENTE) VALUES (5005, NULL, 2005, 1005, 4005, TO_DATE('2024-04-05', 'YYYY-MM-DD'), NULL, TO_DATE('2024-04-09', 'YYYY-MM-DD'), 300.00, 30.00, 3005);
INSERT INTO pedido (COD_PEDIDO, COD_PEDIDO_RELACIONADO, COD_CLIENTE, COD_USUARIO, COD_VENDEDOR, DAT_PEDIDO, DAT_CANCELAMENTO, DAT_ENTREGA, VAL_TOTAL_PEDIDO, VAL_DESCONTO, SEQ_ENDERECO_CLIENTE) VALUES (5006, NULL, 2006, 1006, 4006, TO_DATE('2024-04-06', 'YYYY-MM-DD'), NULL, TO_DATE('2024-04-10', 'YYYY-MM-DD'), 350.00, 35.00, 3006);
INSERT INTO pedido (COD_PEDIDO, COD_PEDIDO_RELACIONADO, COD_CLIENTE, COD_USUARIO, COD_VENDEDOR, DAT_PEDIDO, DAT_CANCELAMENTO, DAT_ENTREGA, VAL_TOTAL_PEDIDO, VAL_DESCONTO, SEQ_ENDERECO_CLIENTE) VALUES (5007, NULL, 2007, 1007, 4007, TO_DATE('2024-04-07', 'YYYY-MM-DD'), NULL, TO_DATE('2024-04-11', 'YYYY-MM-DD'), 400.00, 40.00, 3007);
INSERT INTO pedido (COD_PEDIDO, COD_PEDIDO_RELACIONADO, COD_CLIENTE, COD_USUARIO, COD_VENDEDOR, DAT_PEDIDO, DAT_CANCELAMENTO, DAT_ENTREGA, VAL_TOTAL_PEDIDO, VAL_DESCONTO, SEQ_ENDERECO_CLIENTE) VALUES (5008, NULL, 2008, 1008, 4008, TO_DATE('2024-04-08', 'YYYY-MM-DD'), NULL, TO_DATE('2024-04-12', 'YYYY-MM-DD'), 450.00, 45.00, 3008);
INSERT INTO pedido (COD_PEDIDO, COD_PEDIDO_RELACIONADO, COD_CLIENTE, COD_USUARIO, COD_VENDEDOR, DAT_PEDIDO, DAT_CANCELAMENTO, DAT_ENTREGA, VAL_TOTAL_PEDIDO, VAL_DESCONTO, SEQ_ENDERECO_CLIENTE) VALUES (5009, NULL, 2009, 1009, 4009, TO_DATE('2024-04-09', 'YYYY-MM-DD'), NULL, TO_DATE('2024-04-13', 'YYYY-MM-DD'), 500.00, 50.00, 3009);
INSERT INTO pedido (COD_PEDIDO, COD_PEDIDO_RELACIONADO, COD_CLIENTE, COD_USUARIO, COD_VENDEDOR, DAT_PEDIDO, DAT_CANCELAMENTO, DAT_ENTREGA, VAL_TOTAL_PEDIDO, VAL_DESCONTO, SEQ_ENDERECO_CLIENTE) VALUES (5010, NULL, 2010, 1010, 4010, TO_DATE('2024-04-10', 'YYYY-MM-DD'), NULL, TO_DATE('2024-04-14', 'YYYY-MM-DD'), 550.00, 55.00, 3010);

INSERT INTO historico_pedido (SEQ_HISTORICO_PEDIDO, COD_PEDIDO, COD_CLIENTE, DAT_PEDIDO, DAT_CANCELAMENTO, DAT_ENTREGA, VAL_TOTAL_PEDIDO, VAL_DESCONTO, SEQ_ENDERECO_CLIENTE, COD_VENDEDOR) VALUES (1, 5001, 2001, TO_DATE('2024-04-01', 'YYYY-MM-DD'), NULL, TO_DATE('2024-04-05', 'YYYY-MM-DD'), 100.00, 10.00, 3001, 4001);
INSERT INTO historico_pedido (SEQ_HISTORICO_PEDIDO, COD_PEDIDO, COD_CLIENTE, DAT_PEDIDO, DAT_CANCELAMENTO, DAT_ENTREGA, VAL_TOTAL_PEDIDO, VAL_DESCONTO, SEQ_ENDERECO_CLIENTE, COD_VENDEDOR) VALUES (2, 5002, 2002, TO_DATE('2024-04-02', 'YYYY-MM-DD'), NULL, TO_DATE('2024-04-06', 'YYYY-MM-DD'), 150.00, 15.00, 3002, 4002);
INSERT INTO historico_pedido (SEQ_HISTORICO_PEDIDO, COD_PEDIDO, COD_CLIENTE, DAT_PEDIDO, DAT_CANCELAMENTO, DAT_ENTREGA, VAL_TOTAL_PEDIDO, VAL_DESCONTO, SEQ_ENDERECO_CLIENTE, COD_VENDEDOR) VALUES (3, 5003, 2003, TO_DATE('2024-04-03', 'YYYY-MM-DD'), NULL, TO_DATE('2024-04-07', 'YYYY-MM-DD'), 200.00, 20.00, 3003, 4003);
INSERT INTO historico_pedido (SEQ_HISTORICO_PEDIDO, COD_PEDIDO, COD_CLIENTE, DAT_PEDIDO, DAT_CANCELAMENTO, DAT_ENTREGA, VAL_TOTAL_PEDIDO, VAL_DESCONTO, SEQ_ENDERECO_CLIENTE, COD_VENDEDOR) VALUES (4, 5004, 2004, TO_DATE('2024-04-04', 'YYYY-MM-DD'), NULL, TO_DATE('2024-04-08', 'YYYY-MM-DD'), 250.00, 25.00, 3004, 4004);
INSERT INTO historico_pedido (SEQ_HISTORICO_PEDIDO, COD_PEDIDO, COD_CLIENTE, DAT_PEDIDO, DAT_CANCELAMENTO, DAT_ENTREGA, VAL_TOTAL_PEDIDO, VAL_DESCONTO, SEQ_ENDERECO_CLIENTE, COD_VENDEDOR) VALUES (5, 5005, 2005, TO_DATE('2024-04-05', 'YYYY-MM-DD'), NULL, TO_DATE('2024-04-09', 'YYYY-MM-DD'), 300.00, 30.00, 3005, 4005);
INSERT INTO historico_pedido (SEQ_HISTORICO_PEDIDO, COD_PEDIDO, COD_CLIENTE, DAT_PEDIDO, DAT_CANCELAMENTO, DAT_ENTREGA, VAL_TOTAL_PEDIDO, VAL_DESCONTO, SEQ_ENDERECO_CLIENTE, COD_VENDEDOR) VALUES (6, 5006, 2006, TO_DATE('2024-04-06', 'YYYY-MM-DD'), NULL, TO_DATE('2024-04-10', 'YYYY-MM-DD'), 350.00, 35.00, 3006, 4006);
INSERT INTO historico_pedido (SEQ_HISTORICO_PEDIDO, COD_PEDIDO, COD_CLIENTE, DAT_PEDIDO, DAT_CANCELAMENTO, DAT_ENTREGA, VAL_TOTAL_PEDIDO, VAL_DESCONTO, SEQ_ENDERECO_CLIENTE, COD_VENDEDOR) VALUES (7, 5007, 2007, TO_DATE('2024-04-07', 'YYYY-MM-DD'), NULL, TO_DATE('2024-04-11', 'YYYY-MM-DD'), 400.00, 40.00, 3007, 4007);
INSERT INTO historico_pedido (SEQ_HISTORICO_PEDIDO, COD_PEDIDO, COD_CLIENTE, DAT_PEDIDO, DAT_CANCELAMENTO, DAT_ENTREGA, VAL_TOTAL_PEDIDO, VAL_DESCONTO, SEQ_ENDERECO_CLIENTE, COD_VENDEDOR) VALUES (8, 5008, 2008, TO_DATE('2024-04-08', 'YYYY-MM-DD'), NULL, TO_DATE('2024-04-12', 'YYYY-MM-DD'), 450.00, 45.00, 3008, 4008);
INSERT INTO historico_pedido (SEQ_HISTORICO_PEDIDO, COD_PEDIDO, COD_CLIENTE, DAT_PEDIDO, DAT_CANCELAMENTO, DAT_ENTREGA, VAL_TOTAL_PEDIDO, VAL_DESCONTO, SEQ_ENDERECO_CLIENTE, COD_VENDEDOR) VALUES (9, 5009, 2009, TO_DATE('2024-04-09', 'YYYY-MM-DD'), NULL, TO_DATE('2024-04-13', 'YYYY-MM-DD'), 500.00, 50.00, 3009, 4009);
INSERT INTO historico_pedido (SEQ_HISTORICO_PEDIDO, COD_PEDIDO, COD_CLIENTE, DAT_PEDIDO, DAT_CANCELAMENTO, DAT_ENTREGA, VAL_TOTAL_PEDIDO, VAL_DESCONTO, SEQ_ENDERECO_CLIENTE, COD_VENDEDOR) VALUES (10, 5010, 2010, TO_DATE('2024-04-10', 'YYYY-MM-DD'), NULL, TO_DATE('2024-04-14', 'YYYY-MM-DD'), 550.00, 55.00, 3010, 4010);

INSERT INTO produto_composto (COD_PRODUTO_RELACIONADO, COD_PRODUTO, QTD_PRODUTO, QTD_PRODUTO_RELACIONADO, STA_ATIVO) VALUES (2001, 1001, 2, 20, 'A');
INSERT INTO produto_composto (COD_PRODUTO_RELACIONADO, COD_PRODUTO, QTD_PRODUTO, QTD_PRODUTO_RELACIONADO, STA_ATIVO) VALUES (2002, 1002, 3, 15, 'A');
INSERT INTO produto_composto (COD_PRODUTO_RELACIONADO, COD_PRODUTO, QTD_PRODUTO, QTD_PRODUTO_RELACIONADO, STA_ATIVO) VALUES (2003, 1003, 4, 25, 'A');
INSERT INTO produto_composto (COD_PRODUTO_RELACIONADO, COD_PRODUTO, QTD_PRODUTO, QTD_PRODUTO_RELACIONADO, STA_ATIVO) VALUES (2004, 1004, 5, 30, 'A');
INSERT INTO produto_composto (COD_PRODUTO_RELACIONADO, COD_PRODUTO, QTD_PRODUTO, QTD_PRODUTO_RELACIONADO, STA_ATIVO) VALUES (2005, 1005, 6, 35, 'A');
INSERT INTO produto_composto (COD_PRODUTO_RELACIONADO, COD_PRODUTO, QTD_PRODUTO, QTD_PRODUTO_RELACIONADO, STA_ATIVO) VALUES (2006, 1006, 7, 40, 'A');
INSERT INTO produto_composto (COD_PRODUTO_RELACIONADO, COD_PRODUTO, QTD_PRODUTO, QTD_PRODUTO_RELACIONADO, STA_ATIVO) VALUES (2007, 1007, 8, 45, 'A');
INSERT INTO produto_composto (COD_PRODUTO_RELACIONADO, COD_PRODUTO, QTD_PRODUTO, QTD_PRODUTO_RELACIONADO, STA_ATIVO) VALUES (2008, 1008, 9, 50, 'A');
INSERT INTO produto_composto (COD_PRODUTO_RELACIONADO, COD_PRODUTO, QTD_PRODUTO, QTD_PRODUTO_RELACIONADO, STA_ATIVO) VALUES (2009, 1009, 10, 55, 'A');
INSERT INTO produto_composto (COD_PRODUTO_RELACIONADO, COD_PRODUTO, QTD_PRODUTO, QTD_PRODUTO_RELACIONADO, STA_ATIVO) VALUES (2010, 1010, 11, 60, 'A');

INSERT INTO item_pedido (COD_PEDIDO, COD_ITEM_PEDIDO, COD_PRODUTO, QTD_ITEM, VAL_UNITARIO_ITEM, VAL_DESCONTO_ITEM) VALUES (5001, 1, 1001, 5, 20.00, 0.00);
INSERT INTO item_pedido (COD_PEDIDO, COD_ITEM_PEDIDO, COD_PRODUTO, QTD_ITEM, VAL_UNITARIO_ITEM, VAL_DESCONTO_ITEM) VALUES (5001, 2, 1002, 3, 25.00, 2.50);
INSERT INTO item_pedido (COD_PEDIDO, COD_ITEM_PEDIDO, COD_PRODUTO, QTD_ITEM, VAL_UNITARIO_ITEM, VAL_DESCONTO_ITEM) VALUES (5002, 1, 1003, 4, 30.00, 3.00);
INSERT INTO item_pedido (COD_PEDIDO, COD_ITEM_PEDIDO, COD_PRODUTO, QTD_ITEM, VAL_UNITARIO_ITEM, VAL_DESCONTO_ITEM) VALUES (5002, 2, 1004, 5, 35.00, 3.50);
INSERT INTO item_pedido (COD_PEDIDO, COD_ITEM_PEDIDO, COD_PRODUTO, QTD_ITEM, VAL_UNITARIO_ITEM, VAL_DESCONTO_ITEM) VALUES (5003, 1, 1005, 6, 40.00, 4.00);
INSERT INTO item_pedido (COD_PEDIDO, COD_ITEM_PEDIDO, COD_PRODUTO, QTD_ITEM, VAL_UNITARIO_ITEM, VAL_DESCONTO_ITEM) VALUES (5003, 2, 1006, 7, 45.00, 4.50);
INSERT INTO item_pedido (COD_PEDIDO, COD_ITEM_PEDIDO, COD_PRODUTO, QTD_ITEM, VAL_UNITARIO_ITEM, VAL_DESCONTO_ITEM) VALUES (5004, 1, 1007, 8, 50.00, 5.00);
INSERT INTO item_pedido (COD_PEDIDO, COD_ITEM_PEDIDO, COD_PRODUTO, QTD_ITEM, VAL_UNITARIO_ITEM, VAL_DESCONTO_ITEM) VALUES (5004, 2, 1008, 9, 55.00, 5.50);
INSERT INTO item_pedido (COD_PEDIDO, COD_ITEM_PEDIDO, COD_PRODUTO, QTD_ITEM, VAL_UNITARIO_ITEM, VAL_DESCONTO_ITEM) VALUES (5005, 1, 1009, 10, 60.00, 6.00);
INSERT INTO item_pedido (COD_PEDIDO, COD_ITEM_PEDIDO, COD_PRODUTO, QTD_ITEM, VAL_UNITARIO_ITEM, VAL_DESCONTO_ITEM) VALUES (5005, 2, 1010, 11, 65.00, 6.50);

INSERT INTO movimento_estoque (SEQ_MOVIMENTO_ESTOQUE, COD_PRODUTO, DAT_MOVIMENTO_ESTOQUE, QTD_MOVIMENTACAO_ESTOQUE, COD_TIPO_MOVIMENTO_ESTOQUE) VALUES (1, 1001, TO_DATE('2024-04-01', 'YYYY-MM-DD'), 10, 1);
INSERT INTO movimento_estoque (SEQ_MOVIMENTO_ESTOQUE, COD_PRODUTO, DAT_MOVIMENTO_ESTOQUE, QTD_MOVIMENTACAO_ESTOQUE, COD_TIPO_MOVIMENTO_ESTOQUE) VALUES (2, 1002, TO_DATE('2024-04-01', 'YYYY-MM-DD'), -5, 2);
INSERT INTO movimento_estoque (SEQ_MOVIMENTO_ESTOQUE, COD_PRODUTO, DAT_MOVIMENTO_ESTOQUE, QTD_MOVIMENTACAO_ESTOQUE, COD_TIPO_MOVIMENTO_ESTOQUE) VALUES (3, 1003, TO_DATE('2024-04-02', 'YYYY-MM-DD'), 20, 1);
INSERT INTO movimento_estoque (SEQ_MOVIMENTO_ESTOQUE, COD_PRODUTO, DAT_MOVIMENTO_ESTOQUE, QTD_MOVIMENTACAO_ESTOQUE, COD_TIPO_MOVIMENTO_ESTOQUE) VALUES (4, 1004, TO_DATE('2024-04-03', 'YYYY-MM-DD'), -15, 2);
INSERT INTO movimento_estoque (SEQ_MOVIMENTO_ESTOQUE, COD_PRODUTO, DAT_MOVIMENTO_ESTOQUE, QTD_MOVIMENTACAO_ESTOQUE, COD_TIPO_MOVIMENTO_ESTOQUE) VALUES (5, 1005, TO_DATE('2024-04-04', 'YYYY-MM-DD'), 30, 1);
INSERT INTO movimento_estoque (SEQ_MOVIMENTO_ESTOQUE, COD_PRODUTO, DAT_MOVIMENTO_ESTOQUE, QTD_MOVIMENTACAO_ESTOQUE, COD_TIPO_MOVIMENTO_ESTOQUE) VALUES (6, 1006, TO_DATE('2024-04-05', 'YYYY-MM-DD'), -25, 2);
INSERT INTO movimento_estoque (SEQ_MOVIMENTO_ESTOQUE, COD_PRODUTO, DAT_MOVIMENTO_ESTOQUE, QTD_MOVIMENTACAO_ESTOQUE, COD_TIPO_MOVIMENTO_ESTOQUE) VALUES (7, 1007, TO_DATE('2024-04-06', 'YYYY-MM-DD'), 40, 1);
INSERT INTO movimento_estoque (SEQ_MOVIMENTO_ESTOQUE, COD_PRODUTO, DAT_MOVIMENTO_ESTOQUE, QTD_MOVIMENTACAO_ESTOQUE, COD_TIPO_MOVIMENTO_ESTOQUE) VALUES (8, 1008, TO_DATE('2024-04-07', 'YYYY-MM-DD'), -35, 2);
INSERT INTO movimento_estoque (SEQ_MOVIMENTO_ESTOQUE, COD_PRODUTO, DAT_MOVIMENTO_ESTOQUE, QTD_MOVIMENTACAO_ESTOQUE, COD_TIPO_MOVIMENTO_ESTOQUE) VALUES (9, 1009, TO_DATE('2024-04-08', 'YYYY-MM-DD'), 50, 1);
INSERT INTO movimento_estoque (SEQ_MOVIMENTO_ESTOQUE, COD_PRODUTO, DAT_MOVIMENTO_ESTOQUE, QTD_MOVIMENTACAO_ESTOQUE, COD_TIPO_MOVIMENTO_ESTOQUE) VALUES (10, 1010, TO_DATE('2024-04-09', 'YYYY-MM-DD'), -45, 2);

